Alpha,Trial,Steps,Pings
0.0,1,43,43
0.0,2,101,101
0.0,3,101,101
0.0,4,101,101
0.0,5,97,97
0.0,6,99,99
0.0,7,101,101
0.0,8,101,101
0.0,9,101,101
0.0,10,101,101
0.0,11,101,101
0.0,12,101,101
0.0,13,26,26
0.0,14,101,101
0.0,15,101,101
0.0,16,101,101
0.0,17,101,101
0.0,18,101,101
0.0,19,2,2
0.0,20,101,101
0.0,21,101,101
0.0,22,101,101
0.0,23,101,101
0.0,24,101,101
0.0,25,101,101
0.0,26,101,101
0.0,27,101,101
0.0,28,101,101
0.0,29,101,101
0.0,30,101,101
0.0,31,101,101
0.0,32,101,101
0.0,33,101,101
0.0,34,101,101
0.0,35,101,101
0.0,36,101,101
0.0,37,101,101
0.0,38,101,101
0.0,39,101,101
0.0,40,101,101
0.0,41,101,101
0.0,42,101,101
0.0,43,101,101
0.0,44,101,101
0.0,45,101,101
0.0,46,101,101
0.0,47,101,101
0.0,48,64,64
0.0,49,101,101
0.0,50,101,101
0.0,51,101,101
0.0,52,101,101
0.0,53,17,17
0.0,54,101,101
0.0,55,55,55
0.0,56,101,101
0.0,57,101,101
0.0,58,101,101
0.0,59,101,101
0.0,60,101,101
0.0,61,101,101
0.0,62,101,101
0.0,63,101,101
0.0,64,101,101
0.0,65,101,101
0.0,66,101,101
0.0,67,101,101
0.0,68,101,101
0.0,69,101,101
0.0,70,101,101
0.0,71,101,101
0.0,72,101,101
0.0,73,101,101
0.0,74,91,91
0.0,75,101,101
0.0,76,101,101
0.0,77,101,101
0.0,78,101,101
0.0,79,101,101
0.0,80,84,84
0.0,81,101,101
0.0,82,101,101
0.0,83,101,101
0.0,84,101,101
0.0,85,101,101
0.0,86,101,101
0.0,87,101,101
0.0,88,101,101
0.0,89,101,101
0.0,90,54,54
0.0,91,101,101
0.0,92,101,101
0.0,93,101,101
0.0,94,101,101
0.0,95,101,101
0.0,96,101,101
0.0,97,101,101
0.0,98,101,101
0.0,99,101,101
0.0,100,101,101
0.05,1,101,36
0.05,2,101,32
0.05,3,101,23
0.05,4,76,31
0.05,5,101,38
0.05,6,101,71
0.05,7,101,64
0.05,8,101,39
0.05,9,59,46
0.05,10,101,42
0.05,11,1,1
0.05,12,101,41
0.05,13,89,30
0.05,14,1,1
0.05,15,71,41
0.05,16,101,38
0.05,17,101,64
0.05,18,101,63
0.05,19,101,34
0.05,20,101,42
0.05,21,101,38
0.05,22,101,52
0.05,23,65,35
0.05,24,101,37
0.05,25,101,37
0.05,26,60,42
0.05,27,101,39
0.05,28,31,16
0.05,29,101,48
0.05,30,46,31
0.05,31,68,27
0.05,32,55,42
0.05,33,101,33
0.05,34,101,31
0.05,35,83,39
0.05,36,101,52
0.05,37,57,36
0.05,38,101,42
0.05,39,101,34
0.05,40,61,19
0.05,41,101,35
0.05,42,101,63
0.05,43,101,42
0.05,44,101,43
0.05,45,96,39
0.05,46,101,43
0.05,47,101,41
0.05,48,101,32
0.05,49,76,29
0.05,50,101,71
0.05,51,101,61
0.05,52,101,36
0.05,53,85,64
0.05,54,101,62
0.05,55,60,39
0.05,56,101,30
0.05,57,101,44
0.05,58,101,20
0.05,59,101,67
0.05,60,101,40
0.05,61,86,40
0.05,62,101,61
0.05,63,83,33
0.05,64,101,34
0.05,65,101,46
0.05,66,101,53
0.05,67,101,36
0.05,68,101,35
0.05,69,101,59
0.05,70,101,46
0.05,71,101,28
0.05,72,99,42
0.05,73,101,32
0.05,74,20,17
0.05,75,101,58
0.05,76,32,13
0.05,77,101,40
0.05,78,101,26
0.05,79,47,23
0.05,80,86,29
0.05,81,101,57
0.05,82,101,56
0.05,83,101,67
0.05,84,31,28
0.05,85,101,34
0.05,86,101,59
0.05,87,101,38
0.05,88,101,58
0.05,89,101,29
0.05,90,44,20
0.05,91,101,57
0.05,92,101,46
0.05,93,101,64
0.05,94,69,36
0.05,95,52,23
0.05,96,33,21
0.05,97,89,68
0.05,98,101,33
0.05,99,101,50
0.05,100,101,67
0.1,1,101,31
0.1,2,101,29
0.1,3,50,21
0.1,4,57,19
0.1,5,101,23
0.1,6,48,18
0.1,7,90,23
0.1,8,17,7
0.1,9,101,9
0.1,10,101,21
0.1,11,101,27
0.1,12,44,23
0.1,13,64,15
0.1,14,63,21
0.1,15,9,6
0.1,16,101,26
0.1,17,101,25
0.1,18,101,15
0.1,19,77,19
0.1,20,101,18
0.1,21,101,25
0.1,22,95,27
0.1,23,68,15
0.1,24,101,16
0.1,25,101,29
0.1,26,101,11
0.1,27,101,42
0.1,28,42,27
0.1,29,101,23
0.1,30,101,23
0.1,31,88,45
0.1,32,26,10
0.1,33,56,13
0.1,34,1,1
0.1,35,30,13
0.1,36,18,11
0.1,37,75,29
0.1,38,101,11
0.1,39,101,46
0.1,40,101,14
0.1,41,32,16
0.1,42,101,51
0.1,43,12,7
0.1,44,101,42
0.1,45,101,13
0.1,46,101,44
0.1,47,101,28
0.1,48,101,34
0.1,49,101,20
0.1,50,78,12
0.1,51,101,26
0.1,52,101,13
0.1,53,101,22
0.1,54,61,33
0.1,55,101,17
0.1,56,80,22
0.1,57,8,4
0.1,58,23,14
0.1,59,101,23
0.1,60,101,27
0.1,61,92,16
0.1,62,39,14
0.1,63,62,14
0.1,64,101,36
0.1,65,101,32
0.1,66,81,11
0.1,67,101,22
0.1,68,101,27
0.1,69,101,30
0.1,70,101,15
0.1,71,101,40
0.1,72,101,25
0.1,73,16,10
0.1,74,101,50
0.1,75,27,10
0.1,76,101,26
0.1,77,85,20
0.1,78,65,22
0.1,79,101,45
0.1,80,99,11
0.1,81,101,16
0.1,82,50,22
0.1,83,101,15
0.1,84,101,14
0.1,85,101,13
0.1,86,101,27
0.1,87,2,1
0.1,88,91,23
0.1,89,52,14
0.1,90,52,24
0.1,91,101,19
0.1,92,95,10
0.1,93,85,41
0.1,94,101,18
0.1,95,101,34
0.1,96,45,14
0.1,97,101,23
0.1,98,31,19
0.1,99,5,4
0.1,100,101,11
0.15,1,101,35
0.15,2,101,9
0.15,3,55,9
0.15,4,101,26
0.15,5,52,16
0.15,6,101,19
0.15,7,101,39
0.15,8,94,13
0.15,9,101,10
0.15,10,101,15
0.15,11,101,23
0.15,12,101,8
0.15,13,101,7
0.15,14,13,7
0.15,15,59,8
0.15,16,101,3
0.15,17,101,0
0.15,18,101,7
0.15,19,93,15
0.15,20,101,35
0.15,21,63,6
0.15,22,97,43
0.15,23,101,8
0.15,24,101,6
0.15,25,89,6
0.15,26,84,12
0.15,27,97,11
0.15,28,101,10
0.15,29,101,6
0.15,30,26,12
0.15,31,101,32
0.15,32,101,33
0.15,33,101,10
0.15,34,101,43
0.15,35,77,15
0.15,36,83,19
0.15,37,101,26
0.15,38,101,16
0.15,39,101,11
0.15,40,61,25
0.15,41,101,24
0.15,42,99,19
0.15,43,41,9
0.15,44,30,5
0.15,45,55,11
0.15,46,58,18
0.15,47,43,4
0.15,48,81,14
0.15,49,74,8
0.15,50,101,13
0.15,51,101,21
0.15,52,101,19
0.15,53,100,33
0.15,54,54,19
0.15,55,101,16
0.15,56,92,11
0.15,57,89,6
0.15,58,9,6
0.15,59,48,21
0.15,60,101,22
0.15,61,68,17
0.15,62,101,27
0.15,63,101,20
0.15,64,101,16
0.15,65,101,5
0.15,66,2,2
0.15,67,101,8
0.15,68,30,8
0.15,69,101,21
0.15,70,101,9
0.15,71,101,6
0.15,72,88,2
0.15,73,101,15
0.15,74,101,4
0.15,75,74,8
0.15,76,101,12
0.15,77,101,19
0.15,78,36,10
0.15,79,101,19
0.15,80,96,24
0.15,81,101,29
0.15,82,101,7
0.15,83,71,7
0.15,84,101,16
0.15,85,101,9
0.15,86,101,9
0.15,87,101,8
0.15,88,14,2
0.15,89,87,9
0.15,90,51,3
0.15,91,101,6
0.15,92,88,13
0.15,93,89,11
0.15,94,81,6
0.15,95,101,6
0.15,96,50,18
0.15,97,61,11
0.15,98,69,18
0.15,99,101,3
0.15,100,100,2
0.2,1,101,9
0.2,2,101,1
0.2,3,13,4
0.2,4,101,2
0.2,5,64,11
0.2,6,101,10
0.2,7,51,19
0.2,8,31,6
0.2,9,101,1
0.2,10,60,4
0.2,11,101,3
0.2,12,10,6
0.2,13,101,17
0.2,14,37,3
0.2,15,101,4
0.2,16,10,4
0.2,17,40,15
0.2,18,101,7
0.2,19,97,8
0.2,20,46,7
0.2,21,101,13
0.2,22,101,3
0.2,23,101,0
0.2,24,57,11
0.2,25,101,5
0.2,26,45,13
0.2,27,66,7
0.2,28,72,4
0.2,29,101,9
0.2,30,101,16
0.2,31,88,24
0.2,32,101,22
0.2,33,101,9
0.2,34,101,32
0.2,35,101,4
0.2,36,90,6
0.2,37,24,6
0.2,38,101,19
0.2,39,45,10
0.2,40,101,6
0.2,41,40,12
0.2,42,101,15
0.2,43,38,9
0.2,44,3,1
0.2,45,18,9
0.2,46,101,11
0.2,47,101,1
0.2,48,101,16
0.2,49,101,15
0.2,50,101,24
0.2,51,70,8
0.2,52,30,1
0.2,53,101,19
0.2,54,101,1
0.2,55,101,2
0.2,56,76,12
0.2,57,76,7
0.2,58,101,0
0.2,59,101,23
0.2,60,101,28
0.2,61,73,13
0.2,62,101,14
0.2,63,88,21
0.2,64,101,25
0.2,65,63,11
0.2,66,46,10
0.2,67,42,6
0.2,68,101,15
0.2,69,24,14
0.2,70,101,4
0.2,71,86,3
0.2,72,101,2
0.2,73,23,5
0.2,74,26,10
0.2,75,45,3
0.2,76,101,12
0.2,77,74,6
0.2,78,101,1
0.2,79,101,13
0.2,80,79,7
0.2,81,5,1
0.2,82,40,1
0.2,83,101,1
0.2,84,62,7
0.2,85,47,4
0.2,86,26,13
0.2,87,97,20
0.2,88,95,14
0.2,89,7,3
0.2,90,99,14
0.2,91,92,5
0.2,92,95,21
0.2,93,101,0
0.2,94,101,2
0.2,95,72,21
0.2,96,101,18
0.2,97,101,5
0.2,98,79,5
0.2,99,101,2
0.2,100,78,11
0.25,1,59,8
0.25,2,69,6
0.25,3,20,11
0.25,4,101,0
0.25,5,54,12
0.25,6,73,3
0.25,7,4,3
0.25,8,66,12
0.25,9,101,12
0.25,10,101,0
0.25,11,99,4
0.25,12,101,3
0.25,13,100,14
0.25,14,97,5
0.25,15,12,1
0.25,16,8,5
0.25,17,3,1
0.25,18,92,14
0.25,19,17,5
0.25,20,70,3
0.25,21,101,8
0.25,22,7,2
0.25,23,44,10
0.25,24,41,20
0.25,25,72,1
0.25,26,101,24
0.25,27,101,3
0.25,28,1,1
0.25,29,101,1
0.25,30,101,7
0.25,31,72,9
0.25,32,11,1
0.25,33,101,7
0.25,34,100,3
0.25,35,1,1
0.25,36,101,7
0.25,37,15,2
0.25,38,101,20
0.25,39,101,8
0.25,40,101,14
0.25,41,63,8
0.25,42,97,6
0.25,43,101,10
0.25,44,101,4
0.25,45,5,3
0.25,46,81,5
0.25,47,22,8
0.25,48,101,1
0.25,49,101,16
0.25,50,97,11
0.25,51,101,1
0.25,52,101,6
0.25,53,101,14
0.25,54,40,2
0.25,55,8,5
0.25,56,101,12
0.25,57,101,13
0.25,58,72,2
0.25,59,39,3
0.25,60,32,2
0.25,61,101,8
0.25,62,86,1
0.25,63,101,18
0.25,64,80,8
0.25,65,29,11
0.25,66,84,9
0.25,67,101,0
0.25,68,101,1
0.25,69,101,13
0.25,70,101,5
0.25,71,101,0
0.25,72,101,2
0.25,73,38,6
0.25,74,25,7
0.25,75,70,14
0.25,76,19,1
0.25,77,65,6
0.25,78,101,18
0.25,79,101,7
0.25,80,101,21
0.25,81,101,1
0.25,82,56,15
0.25,83,101,4
0.25,84,101,17
0.25,85,62,4
0.25,86,101,8
0.25,87,19,4
0.25,88,88,3
0.25,89,59,1
0.25,90,17,9
0.25,91,101,19
0.25,92,46,5
0.25,93,95,9
0.25,94,17,4
0.25,95,62,3
0.25,96,55,5
0.25,97,56,26
0.25,98,101,0
0.25,99,101,2
0.25,100,101,4
0.3,1,101,0
0.3,2,101,0
0.3,3,16,8
0.3,4,101,18
0.3,5,31,12
0.3,6,101,4
0.3,7,101,9
0.3,8,79,5
0.3,9,101,8
0.3,10,38,2
0.3,11,101,1
0.3,12,26,6
0.3,13,66,5
0.3,14,101,0
0.3,15,19,2
0.3,16,101,0
0.3,17,15,4
0.3,18,19,5
0.3,19,101,2
0.3,20,101,1
0.3,21,90,12
0.3,22,45,12
0.3,23,73,11
0.3,24,101,13
0.3,25,68,3
0.3,26,43,3
0.3,27,101,4
0.3,28,65,1
0.3,29,101,18
0.3,30,50,3
0.3,31,101,0
0.3,32,55,1
0.3,33,41,8
0.3,34,24,3
0.3,35,101,2
0.3,36,35,4
0.3,37,101,11
0.3,38,101,4
0.3,39,101,7
0.3,40,94,8
0.3,41,101,0
0.3,42,101,0
0.3,43,34,3
0.3,44,101,4
0.3,45,101,12
0.3,46,37,5
0.3,47,94,2
0.3,48,101,0
0.3,49,101,0
0.3,50,7,3
0.3,51,101,2
0.3,52,57,1
0.3,53,96,8
0.3,54,95,3
0.3,55,78,1
0.3,56,23,9
0.3,57,49,1
0.3,58,21,4
0.3,59,101,3
0.3,60,72,0
0.3,61,8,4
0.3,62,83,6
0.3,63,101,0
0.3,64,101,13
0.3,65,74,12
0.3,66,101,0
0.3,67,101,6
0.3,68,100,7
0.3,69,3,2
0.3,70,101,1
0.3,71,101,3
0.3,72,101,1
0.3,73,100,9
0.3,74,101,0
0.3,75,90,11
0.3,76,101,5
0.3,77,101,0
0.3,78,11,7
0.3,79,63,6
0.3,80,89,5
0.3,81,101,12
0.3,82,66,3
0.3,83,101,8
0.3,84,101,0
0.3,85,101,0
0.3,86,101,16
0.3,87,101,0
0.3,88,69,9
0.3,89,101,2
0.3,90,68,7
0.3,91,101,9
0.3,92,76,2
0.3,93,81,5
0.3,94,101,3
0.3,95,101,1
0.3,96,101,15
0.3,97,101,5
0.3,98,93,11
0.3,99,7,3
0.3,100,64,0
0.35,1,101,9
0.35,2,56,4
0.35,3,84,3
0.35,4,101,1
0.35,5,101,2
0.35,6,71,1
0.35,7,66,2
0.35,8,101,0
0.35,9,101,0
0.35,10,91,19
0.35,11,101,1
0.35,12,101,2
0.35,13,42,0
0.35,14,95,4
0.35,15,101,12
0.35,16,101,2
0.35,17,101,1
0.35,18,101,7
0.35,19,101,2
0.35,20,101,0
0.35,21,95,15
0.35,22,53,2
0.35,23,85,2
0.35,24,85,2
0.35,25,101,0
0.35,26,42,18
0.35,27,101,4
0.35,28,98,2
0.35,29,33,6
0.35,30,101,2
0.35,31,67,14
0.35,32,97,0
0.35,33,101,0
0.35,34,101,11
0.35,35,76,20
0.35,36,97,18
0.35,37,101,0
0.35,38,101,0
0.35,39,98,9
0.35,40,101,1
0.35,41,101,1
0.35,42,24,3
0.35,43,101,4
0.35,44,101,0
0.35,45,101,0
0.35,46,86,0
0.35,47,101,1
0.35,48,101,1
0.35,49,101,0
0.35,50,101,3
0.35,51,101,6
0.35,52,63,3
0.35,53,98,6
0.35,54,59,4
0.35,55,101,16
0.35,56,101,2
0.35,57,33,1
0.35,58,65,2
0.35,59,48,6
0.35,60,21,8
0.35,61,100,8
0.35,62,101,1
0.35,63,101,4
0.35,64,101,3
0.35,65,60,9
0.35,66,101,1
0.35,67,101,6
0.35,68,101,0
0.35,69,101,2
0.35,70,39,3
0.35,71,101,1
0.35,72,101,0
0.35,73,101,0
0.35,74,83,4
0.35,75,101,5
0.35,76,41,4
0.35,77,101,1
0.35,78,32,4
0.35,79,101,1
0.35,80,101,0
0.35,81,63,7
0.35,82,37,1
0.35,83,101,0
0.35,84,101,0
0.35,85,54,2
0.35,86,97,4
0.35,87,101,2
0.35,88,42,4
0.35,89,79,1
0.35,90,101,4
0.35,91,64,4
0.35,92,101,1
0.35,93,29,6
0.35,94,73,3
0.35,95,59,4
0.35,96,101,0
0.35,97,101,1
0.35,98,101,2
0.35,99,101,0
0.35,100,101,0
0.4,1,101,0
0.4,2,101,0
0.4,3,83,1
0.4,4,101,1
0.4,5,101,0
0.4,6,101,0
0.4,7,35,1
0.4,8,94,9
0.4,9,24,5
0.4,10,68,5
0.4,11,101,0
0.4,12,77,3
0.4,13,101,0
0.4,14,29,4
0.4,15,101,9
0.4,16,101,1
0.4,17,101,4
0.4,18,58,7
0.4,19,101,6
0.4,20,101,0
0.4,21,101,0
0.4,22,101,7
0.4,23,101,0
0.4,24,101,4
0.4,25,48,4
0.4,26,101,1
0.4,27,101,10
0.4,28,101,3
0.4,29,66,4
0.4,30,90,13
0.4,31,38,2
0.4,32,83,4
0.4,33,92,6
0.4,34,100,18
0.4,35,84,5
0.4,36,101,1
0.4,37,7,3
0.4,38,101,6
0.4,39,57,4
0.4,40,101,0
0.4,41,101,1
0.4,42,101,23
0.4,43,78,2
0.4,44,101,8
0.4,45,101,12
0.4,46,61,3
0.4,47,78,2
0.4,48,101,0
0.4,49,101,0
0.4,50,101,0
0.4,51,78,7
0.4,52,57,10
0.4,53,101,1
0.4,54,101,1
0.4,55,87,4
0.4,56,101,3
0.4,57,101,0
0.4,58,101,0
0.4,59,91,18
0.4,60,101,0
0.4,61,100,4
0.4,62,101,0
0.4,63,101,2
0.4,64,101,0
0.4,65,101,8
0.4,66,101,9
0.4,67,101,0
0.4,68,64,0
0.4,69,80,3
0.4,70,101,0
0.4,71,6,1
0.4,72,100,7
0.4,73,101,0
0.4,74,89,5
0.4,75,101,0
0.4,76,21,1
0.4,77,101,7
0.4,78,101,0
0.4,79,80,5
0.4,80,3,1
0.4,81,101,1
0.4,82,78,0
0.4,83,101,0
0.4,84,101,0
0.4,85,101,1
0.4,86,101,0
0.4,87,101,5
0.4,88,88,2
0.4,89,10,1
0.4,90,101,4
0.4,91,101,1
0.4,92,101,4
0.4,93,101,0
0.4,94,75,7
0.4,95,72,1
0.4,96,101,1
0.4,97,101,0
0.4,98,101,0
0.4,99,101,14
0.4,100,101,6
0.45,1,98,0
0.45,2,101,0
0.45,3,51,5
0.45,4,101,0
0.45,5,101,6
0.45,6,1,1
0.45,7,101,2
0.45,8,30,5
0.45,9,101,0
0.45,10,101,0
0.45,11,101,5
0.45,12,65,2
0.45,13,90,2
0.45,14,47,4
0.45,15,57,3
0.45,16,16,2
0.45,17,79,6
0.45,18,101,0
0.45,19,101,1
0.45,20,101,5
0.45,21,101,16
0.45,22,101,3
0.45,23,30,8
0.45,24,27,1
0.45,25,101,0
0.45,26,46,5
0.45,27,101,0
0.45,28,27,7
0.45,29,101,0
0.45,30,101,3
0.45,31,29,0
0.45,32,101,2
0.45,33,101,0
0.45,34,101,7
0.45,35,101,0
0.45,36,46,3
0.45,37,101,0
0.45,38,101,1
0.45,39,88,2
0.45,40,89,8
0.45,41,101,0
0.45,42,101,0
0.45,43,101,0
0.45,44,12,2
0.45,45,2,0
0.45,46,101,0
0.45,47,101,7
0.45,48,101,1
0.45,49,101,0
0.45,50,43,1
0.45,51,44,4
0.45,52,101,0
0.45,53,51,12
0.45,54,79,1
0.45,55,44,5
0.45,56,69,0
0.45,57,101,6
0.45,58,24,3
0.45,59,62,7
0.45,60,101,0
0.45,61,80,1
0.45,62,100,2
0.45,63,101,0
0.45,64,89,9
0.45,65,101,0
0.45,66,46,5
0.45,67,10,2
0.45,68,73,2
0.45,69,19,7
0.45,70,101,0
0.45,71,101,0
0.45,72,101,6
0.45,73,101,0
0.45,74,96,5
0.45,75,100,8
0.45,76,89,4
0.45,77,1,1
0.45,78,72,2
0.45,79,101,0
0.45,80,101,0
0.45,81,18,0
0.45,82,2,1
0.45,83,89,13
0.45,84,79,5
0.45,85,101,0
0.45,86,101,16
0.45,87,101,5
0.45,88,101,0
0.45,89,58,3
0.45,90,55,1
0.45,91,101,6
0.45,92,101,5
0.45,93,19,5
0.45,94,101,0
0.45,95,101,0
0.45,96,101,0
0.45,97,101,3
0.45,98,101,0
0.45,99,101,0
0.45,100,101,0
0.5,1,101,0
0.5,2,101,2
0.5,3,101,0
0.5,4,101,1
0.5,5,101,0
0.5,6,60,1
0.5,7,101,8
0.5,8,101,1
0.5,9,101,0
0.5,10,101,0
0.5,11,101,0
0.5,12,101,1
0.5,13,46,2
0.5,14,19,1
0.5,15,6,1
0.5,16,21,4
0.5,17,95,3
0.5,18,85,2
0.5,19,101,0
0.5,20,101,0
0.5,21,69,1
0.5,22,101,0
0.5,23,101,0
0.5,24,94,1
0.5,25,101,1
0.5,26,101,0
0.5,27,101,0
0.5,28,101,0
0.5,29,101,0
0.5,30,101,0
0.5,31,63,12
0.5,32,33,1
0.5,33,101,0
0.5,34,84,2
0.5,35,101,0
0.5,36,101,0
0.5,37,24,1
0.5,38,47,8
0.5,39,101,0
0.5,40,15,0
0.5,41,74,1
0.5,42,101,0
0.5,43,71,8
0.5,44,101,4
0.5,45,95,2
0.5,46,101,0
0.5,47,41,5
0.5,48,101,0
0.5,49,78,4
0.5,50,101,0
0.5,51,101,2
0.5,52,64,1
0.5,53,101,0
0.5,54,101,0
0.5,55,99,16
0.5,56,101,0
0.5,57,101,8
0.5,58,101,0
0.5,59,101,2
0.5,60,10,1
0.5,61,99,7
0.5,62,101,0
0.5,63,101,5
0.5,64,101,0
0.5,65,101,0
0.5,66,19,1
0.5,67,101,0
0.5,68,101,2
0.5,69,101,0
0.5,70,101,0
0.5,71,49,9
0.5,72,101,0
0.5,73,101,0
0.5,74,99,5
0.5,75,101,3
0.5,76,101,4
0.5,77,101,0
0.5,78,101,0
0.5,79,76,0
0.5,80,48,5
0.5,81,101,0
0.5,82,51,5
0.5,83,101,2
0.5,84,101,0
0.5,85,101,0
0.5,86,101,0
0.5,87,101,0
0.5,88,46,9
0.5,89,101,0
0.5,90,101,0
0.5,91,101,8
0.5,92,54,2
0.5,93,101,0
0.5,94,87,10
0.5,95,71,1
0.5,96,101,3
0.5,97,101,0
0.5,98,63,12
0.5,99,3,2
0.5,100,101,0
0.55,1,101,0
0.55,2,101,0
0.55,3,53,12
0.55,4,101,0
0.55,5,77,3
0.55,6,101,1
0.55,7,60,1
0.55,8,101,0
0.55,9,70,2
0.55,10,101,1
0.55,11,51,0
0.55,12,2,1
0.55,13,101,0
0.55,14,101,0
0.55,15,101,0
0.55,16,42,4
0.55,17,32,1
0.55,18,101,0
0.55,19,101,0
0.55,20,101,1
0.55,21,38,8
0.55,22,101,1
0.55,23,101,0
0.55,24,101,0
0.55,25,101,0
0.55,26,75,5
0.55,27,101,0
0.55,28,15,2
0.55,29,101,1
0.55,30,101,0
0.55,31,72,6
0.55,32,101,0
0.55,33,101,0
0.55,34,101,0
0.55,35,101,0
0.55,36,96,1
0.55,37,101,3
0.55,38,37,2
0.55,39,101,0
0.55,40,101,0
0.55,41,101,5
0.55,42,19,2
0.55,43,101,0
0.55,44,101,5
0.55,45,101,0
0.55,46,101,1
0.55,47,101,3
0.55,48,101,3
0.55,49,101,0
0.55,50,101,0
0.55,51,101,0
0.55,52,35,1
0.55,53,101,1
0.55,54,101,0
0.55,55,41,1
0.55,56,58,8
0.55,57,101,1
0.55,58,101,0
0.55,59,101,0
0.55,60,101,0
0.55,61,36,3
0.55,62,63,2
0.55,63,95,2
0.55,64,43,0
0.55,65,71,1
0.55,66,101,1
0.55,67,7,1
0.55,68,101,0
0.55,69,101,0
0.55,70,53,5
0.55,71,101,11
0.55,72,6,1
0.55,73,101,0
0.55,74,31,4
0.55,75,60,11
0.55,76,101,1
0.55,77,50,4
0.55,78,101,0
0.55,79,101,0
0.55,80,101,2
0.55,81,101,0
0.55,82,101,0
0.55,83,45,1
0.55,84,101,2
0.55,85,22,3
0.55,86,101,0
0.55,87,101,5
0.55,88,101,1
0.55,89,101,5
0.55,90,101,2
0.55,91,101,1
0.55,92,101,0
0.55,93,12,6
0.55,94,33,6
0.55,95,101,0
0.55,96,101,0
0.55,97,101,2
0.55,98,101,0
0.55,99,101,0
0.55,100,101,0
0.6,1,101,4
0.6,2,53,1
0.6,3,59,1
0.6,4,101,0
0.6,5,61,11
0.6,6,24,2
0.6,7,94,3
0.6,8,101,0
0.6,9,79,6
0.6,10,101,0
0.6,11,101,0
0.6,12,99,6
0.6,13,101,0
0.6,14,47,0
0.6,15,101,0
0.6,16,101,2
0.6,17,86,5
0.6,18,101,0
0.6,19,101,0
0.6,20,101,0
0.6,21,28,1
0.6,22,101,0
0.6,23,27,1
0.6,24,101,1
0.6,25,101,0
0.6,26,29,0
0.6,27,101,0
0.6,28,101,5
0.6,29,101,0
0.6,30,8,0
0.6,31,9,1
0.6,32,101,0
0.6,33,18,3
0.6,34,101,0
0.6,35,86,2
0.6,36,26,7
0.6,37,101,0
0.6,38,18,3
0.6,39,101,0
0.6,40,101,0
0.6,41,101,4
0.6,42,101,1
0.6,43,63,1
0.6,44,101,0
0.6,45,39,3
0.6,46,101,0
0.6,47,101,0
0.6,48,36,1
0.6,49,101,4
0.6,50,101,2
0.6,51,101,0
0.6,52,101,3
0.6,53,101,0
0.6,54,101,0
0.6,55,101,0
0.6,56,69,6
0.6,57,101,3
0.6,58,89,2
0.6,59,30,1
0.6,60,101,0
0.6,61,101,1
0.6,62,101,0
0.6,63,101,6
0.6,64,101,6
0.6,65,91,3
0.6,66,101,0
0.6,67,55,3
0.6,68,101,0
0.6,69,101,1
0.6,70,101,0
0.6,71,11,3
0.6,72,51,7
0.6,73,93,2
0.6,74,101,0
0.6,75,19,2
0.6,76,94,0
0.6,77,93,0
0.6,78,101,0
0.6,79,101,0
0.6,80,23,0
0.6,81,101,0
0.6,82,57,1
0.6,83,101,0
0.6,84,101,0
0.6,85,101,0
0.6,86,101,0
0.6,87,101,0
0.6,88,101,12
0.6,89,30,5
0.6,90,53,2
0.6,91,22,2
0.6,92,100,4
0.6,93,95,3
0.6,94,92,2
0.6,95,20,3
0.6,96,45,3
0.6,97,46,1
0.6,98,101,0
0.6,99,101,0
0.6,100,101,3
0.65,1,101,0
0.65,2,101,2
0.65,3,88,9
0.65,4,101,0
0.65,5,101,0
0.65,6,101,0
0.65,7,101,2
0.65,8,101,1
0.65,9,37,3
0.65,10,100,2
0.65,11,9,1
0.65,12,80,5
0.65,13,101,1
0.65,14,8,0
0.65,15,74,2
0.65,16,80,1
0.65,17,101,0
0.65,18,9,0
0.65,19,101,0
0.65,20,101,0
0.65,21,101,0
0.65,22,101,0
0.65,23,66,6
0.65,24,101,0
0.65,25,95,9
0.65,26,101,0
0.65,27,101,0
0.65,28,101,0
0.65,29,101,0
0.65,30,101,0
0.65,31,101,0
0.65,32,36,1
0.65,33,101,0
0.65,34,101,0
0.65,35,101,0
0.65,36,101,0
0.65,37,97,2
0.65,38,101,0
0.65,39,41,0
0.65,40,101,0
0.65,41,97,1
0.65,42,101,0
0.65,43,101,0
0.65,44,101,0
0.65,45,101,1
0.65,46,24,3
0.65,47,65,2
0.65,48,101,0
0.65,49,26,1
0.65,50,101,0
0.65,51,101,0
0.65,52,16,0
0.65,53,18,4
0.65,54,101,0
0.65,55,101,0
0.65,56,101,0
0.65,57,27,0
0.65,58,101,0
0.65,59,27,1
0.65,60,97,1
0.65,61,101,0
0.65,62,70,9
0.65,63,81,0
0.65,64,101,0
0.65,65,2,1
0.65,66,20,0
0.65,67,101,0
0.65,68,101,0
0.65,69,101,0
0.65,70,56,0
0.65,71,38,0
0.65,72,62,3
0.65,73,101,0
0.65,74,101,0
0.65,75,101,0
0.65,76,101,0
0.65,77,101,0
0.65,78,101,0
0.65,79,101,1
0.65,80,101,1
0.65,81,101,0
0.65,82,66,0
0.65,83,80,1
0.65,84,101,3
0.65,85,71,0
0.65,86,101,0
0.65,87,101,0
0.65,88,101,0
0.65,89,101,0
0.65,90,6,1
0.65,91,101,0
0.65,92,101,0
0.65,93,48,6
0.65,94,50,5
0.65,95,101,0
0.65,96,17,0
0.65,97,101,0
0.65,98,101,0
0.65,99,101,0
0.65,100,101,0
0.7,1,101,0
0.7,2,101,0
0.7,3,101,0
0.7,4,101,0
0.7,5,101,1
0.7,6,101,0
0.7,7,101,0
0.7,8,66,1
0.7,9,101,0
0.7,10,101,0
0.7,11,95,0
0.7,12,34,3
0.7,13,24,0
0.7,14,101,4
0.7,15,101,1
0.7,16,101,0
0.7,17,101,0
0.7,18,101,0
0.7,19,101,0
0.7,20,101,2
0.7,21,75,4
0.7,22,62,0
0.7,23,101,0
0.7,24,101,0
0.7,25,101,0
0.7,26,101,0
0.7,27,101,0
0.7,28,101,0
0.7,29,8,1
0.7,30,101,1
0.7,31,98,2
0.7,32,101,1
0.7,33,101,1
0.7,34,89,4
0.7,35,101,1
0.7,36,101,0
0.7,37,101,0
0.7,38,101,0
0.7,39,101,0
0.7,40,62,2
0.7,41,39,0
0.7,42,101,0
0.7,43,101,1
0.7,44,101,0
0.7,45,101,0
0.7,46,13,0
0.7,47,97,1
0.7,48,101,0
0.7,49,92,2
0.7,50,101,0
0.7,51,101,0
0.7,52,101,0
0.7,53,92,0
0.7,54,101,0
0.7,55,101,2
0.7,56,101,1
0.7,57,101,0
0.7,58,101,0
0.7,59,16,0
0.7,60,37,2
0.7,61,101,6
0.7,62,15,3
0.7,63,33,1
0.7,64,101,0
0.7,65,101,0
0.7,66,101,0
0.7,67,101,0
0.7,68,101,0
0.7,69,101,0
0.7,70,21,2
0.7,71,85,0
0.7,72,73,0
0.7,73,101,0
0.7,74,101,0
0.7,75,39,0
0.7,76,101,1
0.7,77,101,0
0.7,78,101,0
0.7,79,101,0
0.7,80,101,0
0.7,81,101,0
0.7,82,101,0
0.7,83,93,3
0.7,84,101,0
0.7,85,101,0
0.7,86,101,0
0.7,87,27,1
0.7,88,101,0
0.7,89,101,0
0.7,90,15,2
0.7,91,101,0
0.7,92,101,0
0.7,93,26,1
0.7,94,43,1
0.7,95,101,0
0.7,96,101,0
0.7,97,54,0
0.7,98,101,0
0.7,99,63,0
0.7,100,101,0
0.75,1,3,1
0.75,2,101,0
0.75,3,101,0
0.75,4,96,1
0.75,5,16,0
0.75,6,101,4
0.75,7,101,6
0.75,8,101,10
0.75,9,101,0
0.75,10,101,1
0.75,11,101,0
0.75,12,34,5
0.75,13,76,2
0.75,14,86,1
0.75,15,97,3
0.75,16,101,0
0.75,17,101,1
0.75,18,101,0
0.75,19,101,3
0.75,20,101,0
0.75,21,4,1
0.75,22,101,0
0.75,23,61,0
0.75,24,82,2
0.75,25,52,3
0.75,26,101,0
0.75,27,92,8
0.75,28,101,2
0.75,29,39,1
0.75,30,101,6
0.75,31,101,5
0.75,32,101,0
0.75,33,101,0
0.75,34,101,0
0.75,35,58,0
0.75,36,101,0
0.75,37,101,0
0.75,38,48,3
0.75,39,31,1
0.75,40,101,0
0.75,41,101,0
0.75,42,101,0
0.75,43,101,1
0.75,44,77,3
0.75,45,101,0
0.75,46,101,3
0.75,47,101,0
0.75,48,96,1
0.75,49,101,0
0.75,50,74,3
0.75,51,101,0
0.75,52,101,0
0.75,53,101,0
0.75,54,101,0
0.75,55,101,0
0.75,56,101,0
0.75,57,31,2
0.75,58,19,1
0.75,59,101,0
0.75,60,80,0
0.75,61,101,0
0.75,62,101,0
0.75,63,101,0
0.75,64,56,0
0.75,65,101,0
0.75,66,101,0
0.75,67,101,0
0.75,68,101,0
0.75,69,101,0
0.75,70,101,0
0.75,71,101,0
0.75,72,101,2
0.75,73,101,0
0.75,74,101,0
0.75,75,101,0
0.75,76,9,1
0.75,77,101,0
0.75,78,101,0
0.75,79,101,0
0.75,80,101,2
0.75,81,101,0
0.75,82,86,1
0.75,83,101,1
0.75,84,101,0
0.75,85,101,3
0.75,86,101,0
0.75,87,53,3
0.75,88,12,0
0.75,89,101,0
0.75,90,70,8
0.75,91,101,0
0.75,92,101,0
0.75,93,101,8
0.75,94,101,0
0.75,95,101,0
0.75,96,101,4
0.75,97,101,0
0.75,98,79,1
0.75,99,101,0
0.75,100,10,0
0.8,1,101,0
0.8,2,90,1
0.8,3,101,4
0.8,4,55,1
0.8,5,101,0
0.8,6,42,3
0.8,7,101,0
0.8,8,101,0
0.8,9,58,0
0.8,10,32,0
0.8,11,96,1
0.8,12,101,0
0.8,13,8,0
0.8,14,101,0
0.8,15,101,0
0.8,16,101,0
0.8,17,101,1
0.8,18,101,2
0.8,19,101,0
0.8,20,101,2
0.8,21,101,0
0.8,22,93,2
0.8,23,101,1
0.8,24,101,0
0.8,25,101,0
0.8,26,74,0
0.8,27,46,0
0.8,28,90,1
0.8,29,101,0
0.8,30,101,1
0.8,31,101,0
0.8,32,101,0
0.8,33,101,1
0.8,34,47,1
0.8,35,101,0
0.8,36,101,0
0.8,37,52,2
0.8,38,21,2
0.8,39,101,0
0.8,40,89,3
0.8,41,101,0
0.8,42,101,0
0.8,43,101,1
0.8,44,53,3
0.8,45,101,0
0.8,46,101,0
0.8,47,101,0
0.8,48,101,0
0.8,49,33,3
0.8,50,101,3
0.8,51,101,0
0.8,52,101,1
0.8,53,101,0
0.8,54,101,0
0.8,55,101,1
0.8,56,35,1
0.8,57,101,0
0.8,58,29,2
0.8,59,101,0
0.8,60,101,0
0.8,61,101,0
0.8,62,101,0
0.8,63,101,8
0.8,64,101,0
0.8,65,101,1
0.8,66,101,1
0.8,67,51,0
0.8,68,101,1
0.8,69,101,0
0.8,70,101,0
0.8,71,101,0
0.8,72,27,1
0.8,73,75,2
0.8,74,101,0
0.8,75,101,0
0.8,76,79,1
0.8,77,85,2
0.8,78,101,4
0.8,79,62,2
0.8,80,101,0
0.8,81,101,0
0.8,82,91,1
0.8,83,4,0
0.8,84,101,0
0.8,85,90,0
0.8,86,36,2
0.8,87,97,2
0.8,88,101,0
0.8,89,91,2
0.8,90,101,0
0.8,91,101,0
0.8,92,101,0
0.8,93,13,2
0.8,94,101,0
0.8,95,101,0
0.8,96,25,1
0.8,97,101,0
0.8,98,101,0
0.8,99,101,0
0.8,100,101,0
0.85,1,63,1
0.85,2,101,0
0.85,3,101,0
0.85,4,88,1
0.85,5,14,0
0.85,6,101,0
0.85,7,79,2
0.85,8,101,0
0.85,9,87,1
0.85,10,101,0
0.85,11,101,0
0.85,12,101,0
0.85,13,9,0
0.85,14,101,0
0.85,15,101,0
0.85,16,101,0
0.85,17,56,0
0.85,18,38,1
0.85,19,101,0
0.85,20,101,0
0.85,21,65,3
0.85,22,101,4
0.85,23,84,1
0.85,24,101,0
0.85,25,101,0
0.85,26,101,0
0.85,27,101,1
0.85,28,101,0
0.85,29,101,0
0.85,30,34,1
0.85,31,101,0
0.85,32,101,0
0.85,33,36,1
0.85,34,41,1
0.85,35,101,0
0.85,36,101,0
0.85,37,99,1
0.85,38,101,0
0.85,39,101,0
0.85,40,101,0
0.85,41,101,0
0.85,42,101,0
0.85,43,19,0
0.85,44,101,1
0.85,45,101,0
0.85,46,101,0
0.85,47,101,0
0.85,48,1,1
0.85,49,101,0
0.85,50,101,0
0.85,51,101,0
0.85,52,101,0
0.85,53,101,0
0.85,54,101,1
0.85,55,101,1
0.85,56,101,0
0.85,57,101,0
0.85,58,101,0
0.85,59,101,0
0.85,60,42,2
0.85,61,43,2
0.85,62,101,0
0.85,63,101,0
0.85,64,101,0
0.85,65,57,3
0.85,66,101,0
0.85,67,101,0
0.85,68,101,0
0.85,69,101,0
0.85,70,34,1
0.85,71,101,0
0.85,72,101,0
0.85,73,101,0
0.85,74,101,0
0.85,75,101,0
0.85,76,101,0
0.85,77,101,0
0.85,78,44,3
0.85,79,101,0
0.85,80,101,0
0.85,81,101,0
0.85,82,101,0
0.85,83,101,0
0.85,84,95,7
0.85,85,101,0
0.85,86,101,0
0.85,87,81,2
0.85,88,101,0
0.85,89,101,3
0.85,90,101,0
0.85,91,101,0
0.85,92,101,0
0.85,93,97,1
0.85,94,101,0
0.85,95,101,2
0.85,96,25,2
0.85,97,84,1
0.85,98,36,0
0.85,99,101,2
0.85,100,64,1
0.9,1,101,2
0.9,2,60,0
0.9,3,101,0
0.9,4,87,1
0.9,5,81,0
0.9,6,101,0
0.9,7,101,1
0.9,8,53,1
0.9,9,63,2
0.9,10,101,0
0.9,11,101,0
0.9,12,101,0
0.9,13,101,3
0.9,14,42,0
0.9,15,95,2
0.9,16,84,5
0.9,17,101,0
0.9,18,101,0
0.9,19,12,1
0.9,20,101,0
0.9,21,27,0
0.9,22,101,0
0.9,23,101,0
0.9,24,101,0
0.9,25,42,2
0.9,26,101,0
0.9,27,101,0
0.9,28,101,0
0.9,29,101,1
0.9,30,101,0
0.9,31,101,0
0.9,32,101,0
0.9,33,101,3
0.9,34,101,6
0.9,35,101,0
0.9,36,62,3
0.9,37,94,0
0.9,38,101,0
0.9,39,101,0
0.9,40,101,0
0.9,41,101,0
0.9,42,101,0
0.9,43,101,0
0.9,44,101,0
0.9,45,101,0
0.9,46,61,1
0.9,47,101,0
0.9,48,72,4
0.9,49,32,0
0.9,50,101,0
0.9,51,23,0
0.9,52,101,0
0.9,53,101,0
0.9,54,101,0
0.9,55,101,0
0.9,56,101,0
0.9,57,101,0
0.9,58,101,0
0.9,59,101,0
0.9,60,54,1
0.9,61,72,2
0.9,62,101,0
0.9,63,89,3
0.9,64,101,0
0.9,65,101,1
0.9,66,101,1
0.9,67,101,0
0.9,68,79,3
0.9,69,101,0
0.9,70,22,0
0.9,71,101,0
0.9,72,1,1
0.9,73,63,8
0.9,74,101,0
0.9,75,101,0
0.9,76,101,0
0.9,77,101,0
0.9,78,101,0
0.9,79,101,0
0.9,80,101,1
0.9,81,101,0
0.9,82,101,10
0.9,83,101,0
0.9,84,101,0
0.9,85,101,0
0.9,86,41,7
0.9,87,101,0
0.9,88,101,0
0.9,89,101,0
0.9,90,101,0
0.9,91,30,1
0.9,92,101,0
0.9,93,60,2
0.9,94,101,5
0.9,95,101,0
0.9,96,52,2
0.9,97,101,0
0.9,98,47,0
0.9,99,12,0
0.9,100,3,2
0.95,1,101,0
0.95,2,51,2
0.95,3,94,1
0.95,4,75,0
0.95,5,101,0
0.95,6,46,0
0.95,7,101,0
0.95,8,101,0
0.95,9,24,0
0.95,10,101,0
0.95,11,101,0
0.95,12,101,0
0.95,13,101,0
0.95,14,101,0
0.95,15,101,0
0.95,16,101,1
0.95,17,101,1
0.95,18,51,0
0.95,19,101,0
0.95,20,101,0
0.95,21,88,4
0.95,22,82,1
0.95,23,1,0
0.95,24,101,0
0.95,25,101,0
0.95,26,101,0
0.95,27,101,0
0.95,28,101,0
0.95,29,56,0
0.95,30,101,0
0.95,31,101,0
0.95,32,101,3
0.95,33,101,0
0.95,34,8,2
0.95,35,73,2
0.95,36,101,0
0.95,37,88,1
0.95,38,101,0
0.95,39,40,1
0.95,40,12,0
0.95,41,101,0
0.95,42,65,4
0.95,43,91,0
0.95,44,101,0
0.95,45,101,0
0.95,46,81,3
0.95,47,101,0
0.95,48,101,0
0.95,49,74,1
0.95,50,65,2
0.95,51,49,0
0.95,52,101,0
0.95,53,101,0
0.95,54,101,0
0.95,55,57,2
0.95,56,101,0
0.95,57,101,0
0.95,58,101,0
0.95,59,101,0
0.95,60,101,0
0.95,61,29,1
0.95,62,101,1
0.95,63,101,5
0.95,64,101,0
0.95,65,101,0
0.95,66,101,3
0.95,67,101,0
0.95,68,101,0
0.95,69,101,0
0.95,70,45,2
0.95,71,101,0
0.95,72,76,1
0.95,73,101,0
0.95,74,101,0
0.95,75,101,0
0.95,76,101,0
0.95,77,101,0
0.95,78,63,2
0.95,79,59,0
0.95,80,101,0
0.95,81,101,0
0.95,82,101,0
0.95,83,101,0
0.95,84,101,0
0.95,85,101,0
0.95,86,101,0
0.95,87,45,2
0.95,88,54,0
0.95,89,101,0
0.95,90,101,0
0.95,91,86,0
0.95,92,20,0
0.95,93,101,0
0.95,94,95,0
0.95,95,101,0
0.95,96,47,2
0.95,97,101,0
0.95,98,101,0
0.95,99,101,0
0.95,100,101,0
1.0,1,101,0
1.0,2,76,3
1.0,3,30,0
1.0,4,101,0
1.0,5,101,0
1.0,6,101,0
1.0,7,101,0
1.0,8,101,0
1.0,9,101,0
1.0,10,32,0
1.0,11,101,0
1.0,12,26,0
1.0,13,101,0
1.0,14,101,0
1.0,15,101,1
1.0,16,39,1
1.0,17,101,0
1.0,18,101,0
1.0,19,16,3
1.0,20,101,0
1.0,21,101,0
1.0,22,20,1
1.0,23,16,2
1.0,24,101,0
1.0,25,101,0
1.0,26,101,0
1.0,27,28,0
1.0,28,101,0
1.0,29,101,0
1.0,30,101,0
1.0,31,101,0
1.0,32,101,0
1.0,33,101,2
1.0,34,28,0
1.0,35,15,0
1.0,36,101,0
1.0,37,6,2
1.0,38,82,1
1.0,39,101,0
1.0,40,101,0
1.0,41,101,0
1.0,42,68,2
1.0,43,61,1
1.0,44,101,0
1.0,45,101,2
1.0,46,54,4
1.0,47,82,0
1.0,48,101,0
1.0,49,101,0
1.0,50,101,1
1.0,51,54,3
1.0,52,44,0
1.0,53,101,0
1.0,54,62,0
1.0,55,101,0
1.0,56,101,0
1.0,57,8,3
1.0,58,101,1
1.0,59,19,2
1.0,60,31,0
1.0,61,101,0
1.0,62,29,6
1.0,63,101,0
1.0,64,101,0
1.0,65,101,0
1.0,66,70,0
1.0,67,46,0
1.0,68,101,0
1.0,69,77,0
1.0,70,101,0
1.0,71,101,0
1.0,72,50,1
1.0,73,30,0
1.0,74,101,0
1.0,75,101,0
1.0,76,101,0
1.0,77,89,1
1.0,78,101,0
1.0,79,86,0
1.0,80,101,0
1.0,81,101,0
1.0,82,101,0
1.0,83,73,1
1.0,84,101,0
1.0,85,101,0
1.0,86,29,2
1.0,87,101,0
1.0,88,100,4
1.0,89,13,3
1.0,90,1,1
1.0,91,101,0
1.0,92,74,0
1.0,93,101,0
1.0,94,101,0
1.0,95,101,0
1.0,96,101,0
1.0,97,19,1
1.0,98,101,1
1.0,99,101,7
1.0,100,95,0
